slug,name,domain,url,platforms,services,response_ms,verified,boost,flags
bulkmedya-org,BulkMedya,bulkmedya.org,https://smmscout.com/panels/bulkmedya-org/,Instagram|TikTok|YouTube|Facebook|X|Telegram|Spotify|Twitch,9950,,False,,Stale copyright (2024);Broken page copy
nsboostbd-com,NSBoost BD,nsboostbd.com,https://smmscout.com/panels/nsboostbd-com/,Instagram|TikTok|YouTube|Facebook|X|Telegram,9679,,False,,
crescitaly-com,Crescitaly,crescitaly.com,https://smmscout.com/panels/crescitaly-com/,Instagram|TikTok|YouTube|Facebook|X|Telegram|Spotify|Twitch,8480,,False,,No contact details despite 24/7 claim
smmturk-com,SMMTurk,smmturk.com,https://smmscout.com/panels/smmturk-com/,Instagram|TikTok|YouTube|Facebook|X|Telegram,8252,,False,,Domain confusion across .com/.org/.net;Stale copyright (2024)
smmsnap-com,SMMSnap,smmsnap.com,https://smmscout.com/panels/smmsnap-com/,Instagram|TikTok|YouTube|Facebook|X|Telegram,8088,,False,,
smmwiz-com,SMMWiz,smmwiz.com,https://smmscout.com/panels/smmwiz-com/,Instagram|TikTok|YouTube|Facebook|X|Telegram|Spotify|Twitch,7891,,False,,Age claims inconsistent (7 vs 8 years)
up-seguidores-net,Up Seguidores,up-seguidores.net,https://smmscout.com/panels/up-seguidores-net/,Instagram|TikTok|YouTube|Facebook|X|Telegram,7308,,False,,
socialpanel-pro,SocialPanel Pro,socialpanel.pro,https://smmscout.com/panels/socialpanel-pro/,Instagram|TikTok|YouTube|Facebook|X|Telegram,181340,,False,,"""No fake bots"" claim while selling engagement"
smmstore-com,SMMStore,smmstore.com,https://smmscout.com/panels/smmstore-com/,Instagram|TikTok|YouTube|Facebook|X|Telegram|Spotify|Twitch,7051,,False,,Homepage blocked our crawler (anti-bot)
amazingsmm-com,AmazingSMM,amazingsmm.com,https://smmscout.com/panels/amazingsmm-com/,Instagram|TikTok|YouTube|Facebook|X|Telegram,74491,,False,,
bulllike-com,BullLike,bulllike.com,https://smmscout.com/panels/bulllike-com/,Instagram|TikTok|YouTube|Facebook|X|Telegram,8000,,False,,
smmresellerpanel-net,SMMResellerPanel,smmresellerpanel.net,https://smmscout.com/panels/smmresellerpanel-net/,Instagram|TikTok|YouTube|Facebook|X|Telegram,6745,,False,,
sosyalbayin-com,SosyalBayin,sosyalbayin.com,https://smmscout.com/panels/sosyalbayin-com/,Instagram|TikTok|YouTube|Facebook|X|Telegram,6199,,False,,
dripfeedpanel-com,DripFeedPanel,dripfeedpanel.com,https://smmscout.com/panels/dripfeedpanel-com/,Instagram|TikTok|YouTube|Facebook|X|Telegram,6089,,False,,
smmstone-com,SMMStone,smmstone.com,https://smmscout.com/panels/smmstone-com/,Instagram|TikTok|YouTube|Facebook|X|Telegram,6048,,False,,
medyabayim-com,MedyaBayim,medyabayim.com,https://smmscout.com/panels/medyabayim-com/,Instagram|TikTok|YouTube|Facebook|X|Telegram,5924,,False,,
rezzsmmpanel-com,RezzSMMPanel,rezzsmmpanel.com,https://smmscout.com/panels/rezzsmmpanel-com/,Instagram|TikTok|YouTube|Facebook|X|Telegram,1000,,False,,
smmpanel-org,SMMPanel.org,smmpanel.org,https://smmscout.com/panels/smmpanel-org/,Instagram|TikTok|YouTube|Facebook|X|Telegram,7014,,False,,
presmm-com,PreSMM,presmm.com,https://smmscout.com/panels/presmm-com/,Instagram|TikTok|YouTube|Facebook|X|Telegram,5819,,False,,No pricing or payments disclosed on homepage;No terms or privacy links in footer
takipcimerkezi-net,TakipciMerkezi,takipcimerkezi.net,https://smmscout.com/panels/takipcimerkezi-net/,Instagram|TikTok|YouTube|Facebook|X|Telegram,5798,,False,,
justanotherpanel-com,JustAnotherPanel,justanotherpanel.com,https://smmscout.com/panels/justanotherpanel-com/,Instagram|TikTok|YouTube|Facebook|X|Telegram|Spotify|Twitch,5798,,False,,
thedailysmm-com,TheDailySMM,thedailysmm.com,https://smmscout.com/panels/thedailysmm-com/,Instagram|TikTok|YouTube|Facebook|X|Telegram,5706,,False,,
socialbazar24-com,SocialBazar24,socialbazar24.com,https://smmscout.com/panels/socialbazar24-com/,Instagram|TikTok|YouTube|Facebook|X|Telegram,1500,,False,,
bulkfollows-com,BulkFollows,bulkfollows.com,https://smmscout.com/panels/bulkfollows-com/,Instagram|TikTok|YouTube|Facebook|X|Telegram,5638,,False,,"""100% organic, no bots"" claim while selling engagement"
naizop-com,Naizop,naizop.com,https://smmscout.com/panels/naizop-com/,Instagram|TikTok|YouTube|Facebook|X|Telegram,5601,,False,,
fansprovider-com,FansProvider,fansprovider.com,https://smmscout.com/panels/fansprovider-com/,Instagram|TikTok|YouTube|Facebook|X|Telegram,5501,,False,,
smmlite-com,SMMLite,smmlite.com,https://smmscout.com/panels/smmlite-com/,Instagram|TikTok|YouTube|Facebook|X|Telegram,5000,,False,,"""Operating since 2011"" not verifiable from public data"
royalbasedpromotions-com,RoyalBasedPromotions,royalbasedpromotions.com,https://smmscout.com/panels/royalbasedpromotions-com/,Instagram|TikTok|YouTube|Facebook|X|Telegram,5477,,False,,
instantpanel-net,InstantPanel,instantpanel.net,https://smmscout.com/panels/instantpanel-net/,Instagram|TikTok|YouTube|Facebook|X|Telegram,5389,,False,,Login-only homepage;No services or pricing visible publicly;No copyright year
socialmediaservices-shop,SocialMediaServices.shop,socialmediaservices.shop,https://smmscout.com/panels/socialmediaservices-shop/,Instagram|TikTok|YouTube|Facebook|X|Telegram,5336,,False,,
igboostservice-net,IGBoostService,igboostservice.net,https://smmscout.com/panels/igboostservice-net/,Instagram|TikTok|YouTube|Facebook|X|Telegram,5304,,False,,
opsime-su,Opsime,opsime.su,https://smmscout.com/panels/opsime-su/,Instagram|TikTok|YouTube|Facebook|X|Telegram,5081,,False,,
fastersmm-com,FasterSMM,fastersmm.com,https://smmscout.com/panels/fastersmm-com/,Instagram|TikTok|YouTube|Facebook|X|Telegram,5020,,False,,
medyabayiciniz-com,MedyaBayiniz,medyabayiciniz.com,https://smmscout.com/panels/medyabayiciniz-com/,Instagram|TikTok|YouTube|Facebook|X|Telegram,4957,,False,,
drxbuzz-com,DrxBuzz,drxbuzz.com,https://smmscout.com/panels/drxbuzz-com/,Instagram|TikTok|YouTube|Facebook|X|Telegram,4954,,False,,
d3mfollow-com,D3MFollow,d3mfollow.com,https://smmscout.com/panels/d3mfollow-com/,Instagram|TikTok|YouTube|Facebook|X|Telegram,4929,,False,,
youtubemarketingwizards-com,YouTubeMarketingWizards,youtubemarketingwizards.com,https://smmscout.com/panels/youtubemarketingwizards-com/,YouTube|Instagram|TikTok|Facebook,4919,,False,,
smbulk-com,SMBulk,smbulk.com,https://smmscout.com/panels/smbulk-com/,Instagram|TikTok|YouTube|Facebook|X|Telegram,5837,,False,,
smpanel-net,SMPanel,smpanel.net,https://smmscout.com/panels/smpanel-net/,Instagram|TikTok|YouTube|Facebook|X|Telegram,4841,,False,,
smmtarget-net,SMMTarget,smmtarget.net,https://smmscout.com/panels/smmtarget-net/,Instagram|TikTok|YouTube|Facebook|X|Telegram,4745,,False,,
famoustube-net,FamousTube,famoustube.net,https://smmscout.com/panels/famoustube-net/,YouTube|Instagram|TikTok|Facebook|X,4676,,False,,
bulkprovider-com,BulkProvider,bulkprovider.com,https://smmscout.com/panels/bulkprovider-com/,Instagram|TikTok|YouTube|Facebook|X|Telegram,4476,,False,,
smmfull-com,SMMFull,smmfull.com,https://smmscout.com/panels/smmfull-com/,Instagram|TikTok|YouTube|Facebook|X|Telegram,4455,,False,,
socialpanel24-com,SocialPanel24,socialpanel24.com,https://smmscout.com/panels/socialpanel24-com/,Instagram|TikTok|YouTube|Facebook|X|Telegram,5480,,False,,
boostyourallprofiles-com,BoostYourAllProfiles,boostyourallprofiles.com,https://smmscout.com/panels/boostyourallprofiles-com/,Instagram|TikTok|YouTube|Facebook|X|Telegram,4284,,False,,
apiseller-com,APISeller,apiseller.com,https://smmscout.com/panels/apiseller-com/,Instagram|TikTok|YouTube|Facebook|X|Telegram,4272,,False,,
seguidoresredessociales-com,SeguidoresRedesSociales,seguidoresredessociales.com,https://smmscout.com/panels/seguidoresredessociales-com/,Instagram|TikTok|YouTube|Facebook|X|Telegram,4265,,False,,
kd1s-com,KD1S,kd1s.com,https://smmscout.com/panels/kd1s-com/,Instagram|TikTok|YouTube|Facebook|X|Telegram,4213,,False,,
smmrise-com,SMMRise,smmrise.com,https://smmscout.com/panels/smmrise-com/,Instagram|TikTok|YouTube|Facebook|X|Telegram,2019,,False,,
hepsisosyal-com,HepsiSosyal,hepsisosyal.com,https://smmscout.com/panels/hepsisosyal-com/,Instagram|TikTok|YouTube|Facebook|X|Telegram,4169,,False,,
prm4u-com,PRM4U,prm4u.com,https://smmscout.com/panels/prm4u-com/,Instagram|TikTok|YouTube|Facebook|X|Telegram|Spotify|Twitch|Reddit|Discord|Threads,4882,,False,,
ezkify-com,Ezkify,ezkify.com,https://smmscout.com/panels/ezkify-com/,Instagram|TikTok|YouTube|Facebook|X|Telegram|Spotify,8700,,True,,
smmize-com,Smmize,smmize.com,https://smmscout.com/panels/smmize-com/,Instagram|TikTok|YouTube|Telegram|Spotify|Twitch|X|Facebook|LinkedIn|Pinterest|SoundCloud|Snapchat,3643,,True,,
addfans-org,AddFans,addfans.org,https://smmscout.com/panels/addfans-org/,Instagram|TikTok|YouTube|Facebook|X|Telegram,,,False,,
addfanslikes-com,AddFansLikes,addfanslikes.com,https://smmscout.com/panels/addfanslikes-com/,Instagram|TikTok|YouTube|Facebook|X|Telegram,,,False,,
addliked-com,AddLiked,addliked.com,https://smmscout.com/panels/addliked-com/,Instagram|TikTok|YouTube|Facebook|X|Telegram,,,False,,
adosns-com,AdoSNS,adosns.com,https://smmscout.com/panels/adosns-com/,Instagram|TikTok|YouTube|Facebook|X|Telegram,,,False,,
adsmm-net,AdSMM,adsmm.net,https://smmscout.com/panels/adsmm-net/,Instagram|TikTok|YouTube|Facebook|X|Telegram,,,False,,
adsosmed-com,AdsOSMed,adsosmed.com,https://smmscout.com/panels/adsosmed-com/,Instagram|TikTok|YouTube|Facebook|X|Telegram,,,False,,
africansmmpanel-com,AfricanSMMPanel,africansmmpanel.com,https://smmscout.com/panels/africansmmpanel-com/,Instagram|TikTok|YouTube|Facebook|X|Telegram,,,False,,
agenciamixgram-com,AgenciaMixGram,agenciamixgram.com,https://smmscout.com/panels/agenciamixgram-com/,Instagram|TikTok|YouTube|Facebook|X|Telegram,,,False,,
agenciapopular-com,AgenciaPopular,agenciapopular.com,https://smmscout.com/panels/agenciapopular-com/,Instagram|TikTok|YouTube|Facebook|X|Telegram,,,False,,
agenciatheboss-com,AgenciaTheBoss,agenciatheboss.com,https://smmscout.com/panels/agenciatheboss-com/,Instagram|TikTok|YouTube|Facebook|X|Telegram,,,False,,
aiproads-com,AIProAds,aiproads.com,https://smmscout.com/panels/aiproads-com/,Instagram|TikTok|YouTube|Facebook|X|Telegram,,,False,,
airsmm-com,AirSMM,airsmm.com,https://smmscout.com/panels/airsmm-com/,Instagram|TikTok|YouTube|Facebook|X|Telegram,,,False,,
akakakvip-com,AkaKakVIP,akakakvip.com,https://smmscout.com/panels/akakakvip-com/,Instagram|TikTok|YouTube|Facebook|X|Telegram,,,False,,
alavancarfm-com,AlavancarFM,alavancarfm.com,https://smmscout.com/panels/alavancarfm-com/,Instagram|TikTok|YouTube|Facebook|X|Telegram,,,False,,
alexfollow-com,AlexFollow,alexfollow.com,https://smmscout.com/panels/alexfollow-com/,Instagram|TikTok|YouTube|Facebook|X|Telegram,,,False,,
alfa-smm-com,AlfaSMM,alfa-smm.com,https://smmscout.com/panels/alfa-smm-com/,Instagram|TikTok|YouTube|Facebook|X|Telegram,,,False,,
ali-saad-net,Ali Saad,ali-saad.net,https://smmscout.com/panels/ali-saad-net/,Instagram|TikTok|YouTube|Facebook|X|Telegram,,,False,,
aliencoder-org,AlienCoder,aliencoder.org,https://smmscout.com/panels/aliencoder-org/,Instagram|TikTok|YouTube|Facebook|X|Telegram,,,False,,
alipanel-com,AliPanel,alipanel.com,https://smmscout.com/panels/alipanel-com/,Instagram|TikTok|YouTube|Facebook|X|Telegram,,,False,,
aliservere-com,AliServere,aliservere.com,https://smmscout.com/panels/aliservere-com/,Instagram|TikTok|YouTube|Facebook|X|Telegram,,,False,,
alkabos-com,Alkabos,alkabos.com,https://smmscout.com/panels/alkabos-com/,Instagram|TikTok|YouTube|Facebook|X|Telegram,,,False,,
alphasmm-net,AlphaSMM,alphasmm.net,https://smmscout.com/panels/alphasmm-net/,Instagram|TikTok|YouTube|Facebook|X|Telegram,,,False,,
amarfollows-com,AmarFollows,amarfollows.com,https://smmscout.com/panels/amarfollows-com/,Instagram|TikTok|YouTube|Facebook|X|Telegram,,,False,,
amazinghosters-co,AmazingHosters,amazinghosters.co,https://smmscout.com/panels/amazinghosters-co/,Instagram|TikTok|YouTube|Facebook|X|Telegram,,,False,,
angkorsmm-net,AngkorSMM,angkorsmm.net,https://smmscout.com/panels/angkorsmm-net/,Instagram|TikTok|YouTube|Facebook|X|Telegram,,,False,,
snsmarket-net,Snsmarket,snsmarket.net,https://smmscout.com/panels/snsmarket-net/,Instagram|TikTok|YouTube|Facebook|X|Telegram,,,False,,
socialmmpro-com,SocialMMPro,socialmmpro.com,https://smmscout.com/panels/socialmmpro-com/,Instagram|TikTok|YouTube|Facebook|X|Telegram,,,False,,
sosyalatom-com,SosyalAtom,sosyalatom.com,https://smmscout.com/panels/sosyalatom-com/,Instagram|TikTok|YouTube|Facebook|X|Telegram,,,False,,
starads-net,StarAds,starads.net,https://smmscout.com/panels/starads-net/,Instagram|TikTok|YouTube|Facebook|X|Telegram,,,False,,
streampanelus-com,StreamPanelUS,streampanelus.com,https://smmscout.com/panels/streampanelus-com/,Instagram|TikTok|YouTube|Facebook|X|Telegram,,,False,,
streamsupply-io,StreamSupply,streamsupply.io,https://smmscout.com/panels/streamsupply-io/,Instagram|TikTok|YouTube|Facebook|X|Telegram,,,False,,
techsmm-com,TechSMM,techsmm.com,https://smmscout.com/panels/techsmm-com/,Instagram|TikTok|YouTube|Facebook|X|Telegram,,,False,,
telebaz-com,Telebaz,telebaz.com,https://smmscout.com/panels/telebaz-com/,Instagram|TikTok|YouTube|Facebook|X|Telegram,,,False,,
tghaozi-com,TGHaozi,tghaozi.com,https://smmscout.com/panels/tghaozi-com/,Instagram|TikTok|YouTube|Facebook|X|Telegram,,,False,,
thundersmmpanel-com,ThunderSMMPanel,thundersmmpanel.com,https://smmscout.com/panels/thundersmmpanel-com/,Instagram|TikTok|YouTube|Facebook|X|Telegram,,,False,,
tntsmm-com,TntSMM,tntsmm.com,https://smmscout.com/panels/tntsmm-com/,Instagram|TikTok|YouTube|Facebook|X|Telegram,,,False,,
traffiqqo-com,Traffiqqo,traffiqqo.com,https://smmscout.com/panels/traffiqqo-com/,Instagram|TikTok|YouTube|Facebook|X|Telegram,5104,,False,,
trendspherepro-com,TrendSpherePro,trendspherepro.com,https://smmscout.com/panels/trendspherepro-com/,Instagram|TikTok|YouTube|Facebook|X|Telegram,,,False,,
tunisstars-com,TunisStars,tunisstars.com,https://smmscout.com/panels/tunisstars-com/,Instagram|TikTok|YouTube|Facebook|X|Telegram,,,False,,
turkiyeresellers-net,TurkiyeResellers,turkiyeresellers.net,https://smmscout.com/panels/turkiyeresellers-net/,Instagram|TikTok|YouTube|Facebook|X|Telegram,,,False,,
uasmm-com,UASMM,uasmm.com,https://smmscout.com/panels/uasmm-com/,Instagram|TikTok|YouTube|Facebook|X|Telegram,,,False,,
vikashservicecenter-com,VikashServiceCenter,vikashservicecenter.com,https://smmscout.com/panels/vikashservicecenter-com/,Instagram|TikTok|YouTube|Facebook|X|Telegram,,,False,,
wksmm-com,WKSMM,wksmm.com,https://smmscout.com/panels/wksmm-com/,Instagram|TikTok|YouTube|Facebook|X|Telegram,,,False,,
wnyinliu-com,WNYinliu,wnyinliu.com,https://smmscout.com/panels/wnyinliu-com/,Instagram|TikTok|YouTube|Facebook|X|Telegram,,,False,,
xklash-com,Xklash,xklash.com,https://smmscout.com/panels/xklash-com/,Instagram|TikTok|YouTube|Facebook|X|Telegram,,,False,,
youtubeliker-com,YouTubeLiker,youtubeliker.com,https://smmscout.com/panels/youtubeliker-com/,Instagram|TikTok|YouTube|Facebook|X|Telegram,,,False,,
ytmatikvip-com,YTMatikVIP,ytmatikvip.com,https://smmscout.com/panels/ytmatikvip-com/,Instagram|TikTok|YouTube|Facebook|X|Telegram,,,False,,
zipravva-com,Zipravva,zipravva.com,https://smmscout.com/panels/zipravva-com/,Instagram|TikTok|YouTube|Facebook|X|Telegram,,,False,,
zosmm-com,ZoSMM,zosmm.com,https://smmscout.com/panels/zosmm-com/,Instagram|TikTok|YouTube|Facebook|X|Telegram,,,False,,
figipanel-com,FigiPanel,figipanel.com,https://smmscout.com/panels/figipanel-com/,Instagram|TikTok|YouTube|Facebook|X|Telegram,15117,,False,,
smm-panel-net,SMM-Panel,smm-panel.net,https://smmscout.com/panels/smm-panel-net/,Instagram|TikTok|YouTube|Facebook|X|Telegram,39403,,False,,
smm-panel-com,SMM-Panel.com,smm-panel.com,https://smmscout.com/panels/smm-panel-com/,Instagram|TikTok|YouTube|Facebook|X|Telegram,,,False,,
smmsem-com,SMMSEM,smmsem.com,https://smmscout.com/panels/smmsem-com/,Instagram|TikTok|YouTube|Facebook|X|Telegram,,,False,,
