slug,name,domain,url,platforms,services,response_ms,verified,boost,flags,score
bulkmedya-org,BulkMedya,bulkmedya.org,https://smmscout.com/panels/bulkmedya-org/,Instagram|TikTok|YouTube|Facebook|X|Telegram|Spotify|Twitch,9950,1061,False,,Stale copyright (2024);Broken page copy,81.7
nsboostbd-com,NSBoost BD,nsboostbd.com,https://smmscout.com/panels/nsboostbd-com/,Instagram|TikTok|YouTube|Facebook|X|Telegram,9679,,False,,"Liveness probe: domain resolves to a local/parked address (A record 127.0.0.1), measured 2026-09-14",
crescitaly-com,Crescitaly,crescitaly.com,https://smmscout.com/panels/crescitaly-com/,Instagram|TikTok|YouTube|Facebook|X|Telegram|Spotify|Twitch,8480,553,False,,No contact details despite 24/7 claim,94.7
smmturk-com,SMMTurk,smmturk.com,https://smmscout.com/panels/smmturk-com/,Instagram|TikTok|YouTube|Facebook|X|Telegram,8252,613,False,,Domain confusion across .com/.org/.net;Stale copyright (2024),94.4
smmsnap-com,SMMSnap,smmsnap.com,https://smmscout.com/panels/smmsnap-com/,Instagram|TikTok|YouTube|Facebook|X|Telegram,8088,800,False,,,85.2
smmwiz-com,SMMWiz,smmwiz.com,https://smmscout.com/panels/smmwiz-com/,Instagram|TikTok|YouTube|Facebook|X|Telegram|Spotify|Twitch,7891,813,False,,Age claims inconsistent (7 vs 8 years),91.5
up-seguidores-net,Up Seguidores,up-seguidores.net,https://smmscout.com/panels/up-seguidores-net/,Instagram|TikTok|YouTube|Facebook|X|Telegram,7308,837,False,,,84.4
socialpanel-pro,SocialPanel Pro,socialpanel.pro,https://smmscout.com/panels/socialpanel-pro/,Instagram|TikTok|YouTube|Facebook|X|Telegram,181340,571,False,,"""No fake bots"" claim while selling engagement",93.8
smmstore-com,SMMStore,smmstore.com,https://smmscout.com/panels/smmstore-com/,Instagram|TikTok|YouTube|Facebook|X|Telegram|Spotify|Twitch,7051,274,False,,"Homepage blocked our crawler (anti-bot);Liveness probe: homepage returned a server error (HTTP 503), measured 2026-09-14",
amazingsmm-com,AmazingSMM,amazingsmm.com,https://smmscout.com/panels/amazingsmm-com/,Instagram|TikTok|YouTube|Facebook|X|Telegram,76061,665,False,,,90.4
bulllike-com,BullLike,bulllike.com,https://smmscout.com/panels/bulllike-com/,Instagram|TikTok|YouTube|Facebook|X|Telegram,8000,701,False,,,89.3
smmresellerpanel-net,SMMResellerPanel,smmresellerpanel.net,https://smmscout.com/panels/smmresellerpanel-net/,Instagram|TikTok|YouTube|Facebook|X|Telegram,6745,570,False,,,96
sosyalbayin-com,SosyalBayin,sosyalbayin.com,https://smmscout.com/panels/sosyalbayin-com/,Instagram|TikTok|YouTube|Facebook|X|Telegram,6199,459,False,,,94.5
dripfeedpanel-com,DripFeedPanel,dripfeedpanel.com,https://smmscout.com/panels/dripfeedpanel-com/,Instagram|TikTok|YouTube|Facebook|X|Telegram,6089,632,False,,,94.2
smmstone-com,SMMStone,smmstone.com,https://smmscout.com/panels/smmstone-com/,Instagram|TikTok|YouTube|Facebook|X|Telegram,6048,548,False,,,90.4
medyabayim-com,MedyaBayim,medyabayim.com,https://smmscout.com/panels/medyabayim-com/,Instagram|TikTok|YouTube|Facebook|X|Telegram,5924,534,False,,,94.8
rezzsmmpanel-com,RezzSMMPanel,rezzsmmpanel.com,https://smmscout.com/panels/rezzsmmpanel-com/,Instagram|TikTok|YouTube|Facebook|X|Telegram,1000,740,False,,,81.8
smmpanel-org,SMMPanel.org,smmpanel.org,https://smmscout.com/panels/smmpanel-org/,Instagram|TikTok|YouTube|Facebook|X|Telegram,7019,709,False,,,91.6
presmm-com,PreSMM,presmm.com,https://smmscout.com/panels/presmm-com/,Instagram|TikTok|YouTube|Facebook|X|Telegram,5819,641,False,,No pricing or payments disclosed on homepage;No terms or privacy links in footer,92.8
takipcimerkezi-net,TakipciMerkezi,takipcimerkezi.net,https://smmscout.com/panels/takipcimerkezi-net/,Instagram|TikTok|YouTube|Facebook|X|Telegram,5798,615,False,,,95.2
justanotherpanel-com,JustAnotherPanel,justanotherpanel.com,https://smmscout.com/panels/justanotherpanel-com/,Instagram|TikTok|YouTube|Facebook|X|Telegram|Spotify|Twitch,5798,1350,False,,,79.9
thedailysmm-com,TheDailySMM,thedailysmm.com,https://smmscout.com/panels/thedailysmm-com/,Instagram|TikTok|YouTube|Facebook|X|Telegram,5706,415,False,,,92.6
socialbazar24-com,SocialBazar24,socialbazar24.com,https://smmscout.com/panels/socialbazar24-com/,Instagram|TikTok|YouTube|Facebook|X|Telegram,1500,475,False,,,90.1
bulkfollows-com,BulkFollows,bulkfollows.com,https://smmscout.com/panels/bulkfollows-com/,Instagram|TikTok|YouTube|Facebook|X|Telegram,5638,591,False,,"""100% organic, no bots"" claim while selling engagement",96.2
naizop-com,Naizop,naizop.com,https://smmscout.com/panels/naizop-com/,Instagram|TikTok|YouTube|Facebook|X|Telegram,5601,764,False,,,89
fansprovider-com,FansProvider,fansprovider.com,https://smmscout.com/panels/fansprovider-com/,Instagram|TikTok|YouTube|Facebook|X|Telegram,5501,649,False,,,91.2
smmlite-com,SMMLite,smmlite.com,https://smmscout.com/panels/smmlite-com/,Instagram|TikTok|YouTube|Facebook|X|Telegram,5000,812,False,,"""Operating since 2011"" not verifiable from public data",90.6
royalbasedpromotions-com,RoyalBasedPromotions,royalbasedpromotions.com,https://smmscout.com/panels/royalbasedpromotions-com/,Instagram|TikTok|YouTube|Facebook|X|Telegram,5477,633,False,,,89.3
instantpanel-net,InstantPanel,instantpanel.net,https://smmscout.com/panels/instantpanel-net/,Instagram|TikTok|YouTube|Facebook|X|Telegram,5389,506,False,,Login-only homepage;No services or pricing visible publicly;No copyright year,96.1
socialmediaservices-shop,SocialMediaServices.shop,socialmediaservices.shop,https://smmscout.com/panels/socialmediaservices-shop/,Instagram|TikTok|YouTube|Facebook|X|Telegram,5336,525,False,,,92.7
igboostservice-net,IGBoostService,igboostservice.net,https://smmscout.com/panels/igboostservice-net/,Instagram|TikTok|YouTube|Facebook|X|Telegram,5304,612,False,,,92.8
opsime-su,Opsime,opsime.su,https://smmscout.com/panels/opsime-su/,Instagram|TikTok|YouTube|Facebook|X|Telegram,5081,485,False,,,94.9
fastersmm-com,FasterSMM,fastersmm.com,https://smmscout.com/panels/fastersmm-com/,Instagram|TikTok|YouTube|Facebook|X|Telegram,5020,472,False,,,90.8
medyabayiciniz-com,MedyaBayiniz,medyabayiciniz.com,https://smmscout.com/panels/medyabayiciniz-com/,Instagram|TikTok|YouTube|Facebook|X|Telegram,4957,660,False,,,88.9
drxbuzz-com,DrxBuzz,drxbuzz.com,https://smmscout.com/panels/drxbuzz-com/,Instagram|TikTok|YouTube|Facebook|X|Telegram,4954,832,False,,,86.1
d3mfollow-com,D3MFollow,d3mfollow.com,https://smmscout.com/panels/d3mfollow-com/,Instagram|TikTok|YouTube|Facebook|X|Telegram,4929,651,False,,,88.6
youtubemarketingwizards-com,YouTubeMarketingWizards,youtubemarketingwizards.com,https://smmscout.com/panels/youtubemarketingwizards-com/,YouTube|Instagram|TikTok|Facebook,4919,613,False,,,89.5
smbulk-com,SMBulk,smbulk.com,https://smmscout.com/panels/smbulk-com/,Instagram|TikTok|YouTube|Facebook|X|Telegram,6003,697,False,,,89.7
smpanel-net,SMPanel,smpanel.net,https://smmscout.com/panels/smpanel-net/,Instagram|TikTok|YouTube|Facebook|X|Telegram,4841,693,False,,,88.2
smmtarget-net,SMMTarget,smmtarget.net,https://smmscout.com/panels/smmtarget-net/,Instagram|TikTok|YouTube|Facebook|X|Telegram,4745,605,False,,,89.4
famoustube-net,FamousTube,famoustube.net,https://smmscout.com/panels/famoustube-net/,YouTube|Instagram|TikTok|Facebook|X,4676,466,False,,,94.2
bulkprovider-com,BulkProvider,bulkprovider.com,https://smmscout.com/panels/bulkprovider-com/,Instagram|TikTok|YouTube|Facebook|X|Telegram,4476,692,False,,,93.3
smmfull-com,SMMFull,smmfull.com,https://smmscout.com/panels/smmfull-com/,Instagram|TikTok|YouTube|Facebook|X|Telegram,4455,652,False,,,92.2
socialpanel24-com,SocialPanel24,socialpanel24.com,https://smmscout.com/panels/socialpanel24-com/,Instagram|TikTok|YouTube|Facebook|X|Telegram,5592,545,False,,,96.2
boostyourallprofiles-com,BoostYourAllProfiles,boostyourallprofiles.com,https://smmscout.com/panels/boostyourallprofiles-com/,Instagram|TikTok|YouTube|Facebook|X|Telegram,4284,566,False,,,90.2
apiseller-com,APISeller,apiseller.com,https://smmscout.com/panels/apiseller-com/,Instagram|TikTok|YouTube|Facebook|X|Telegram,4272,593,False,,,92.1
seguidoresredessociales-com,SeguidoresRedesSociales,seguidoresredessociales.com,https://smmscout.com/panels/seguidoresredessociales-com/,Instagram|TikTok|YouTube|Facebook|X|Telegram,4265,506,False,,,89.8
kd1s-com,KD1S,kd1s.com,https://smmscout.com/panels/kd1s-com/,Instagram|TikTok|YouTube|Facebook|X|Telegram,4213,552,False,,,90.5
smmrise-com,SMMRise,smmrise.com,https://smmscout.com/panels/smmrise-com/,Instagram|TikTok|YouTube|Facebook|X|Telegram,2019,565,False,,,87.9
hepsisosyal-com,HepsiSosyal,hepsisosyal.com,https://smmscout.com/panels/hepsisosyal-com/,Instagram|TikTok|YouTube|Facebook|X|Telegram,4169,776,False,,,88.3
prm4u-com,PRM4U,prm4u.com,https://smmscout.com/panels/prm4u-com/,Instagram|TikTok|YouTube|Facebook|X|Telegram|Spotify|Twitch|Reddit|Discord|Threads,4885,548,False,,,97.1
ezkify-com,Ezkify,ezkify.com,https://smmscout.com/panels/ezkify-com/,Instagram|TikTok|YouTube|Facebook|X|Telegram|Spotify,8700,585,True,,,105.1
smmize-com,Smmize,smmize.com,https://smmscout.com/panels/smmize-com/,Instagram|TikTok|YouTube|Telegram|Spotify|Twitch|X|Facebook|LinkedIn|Pinterest|SoundCloud|Snapchat,2135,333,True,,"Liveness probe: homepage blocked the crawler (bot wall) (HTTP 403), measured 2026-09-14",100.9
addfans-org,AddFans,addfans.org,https://smmscout.com/panels/addfans-org/,Instagram|TikTok|YouTube|Facebook|X|Telegram,,,False,,"Liveness probe: no DNS record (NXDOMAIN) (NXDOMAIN on the host resolver + DoH), measured 2026-09-14",
addfanslikes-com,AddFansLikes,addfanslikes.com,https://smmscout.com/panels/addfanslikes-com/,Instagram|TikTok|YouTube|Facebook|X|Telegram,,518,False,,,
addliked-com,AddLiked,addliked.com,https://smmscout.com/panels/addliked-com/,Instagram|TikTok|YouTube|Facebook|X|Telegram,,528,False,,,
adosns-com,AdoSNS,adosns.com,https://smmscout.com/panels/adosns-com/,Instagram|TikTok|YouTube|Facebook|X|Telegram,,511,False,,,
adsmm-net,AdSMM,adsmm.net,https://smmscout.com/panels/adsmm-net/,Instagram|TikTok|YouTube|Facebook|X|Telegram,,952,False,,,
adsosmed-com,AdsOSMed,adsosmed.com,https://smmscout.com/panels/adsosmed-com/,Instagram|TikTok|YouTube|Facebook|X|Telegram,,166,False,,,
africansmmpanel-com,AfricanSMMPanel,africansmmpanel.com,https://smmscout.com/panels/africansmmpanel-com/,Instagram|TikTok|YouTube|Facebook|X|Telegram,,536,False,,,
agenciamixgram-com,AgenciaMixGram,agenciamixgram.com,https://smmscout.com/panels/agenciamixgram-com/,Instagram|TikTok|YouTube|Facebook|X|Telegram,,,False,,"Liveness probe: registrar-suspended domain (SOA ns1.verification-hold.suspended-domain.com. admin.suspended-domain.com. 2012), measured 2026-09-14",
agenciapopular-com,AgenciaPopular,agenciapopular.com,https://smmscout.com/panels/agenciapopular-com/,Instagram|TikTok|YouTube|Facebook|X|Telegram,,,False,,"Liveness probe: domain resolves to a local/parked address (A record 127.0.0.1), measured 2026-09-14",
agenciatheboss-com,AgenciaTheBoss,agenciatheboss.com,https://smmscout.com/panels/agenciatheboss-com/,Instagram|TikTok|YouTube|Facebook|X|Telegram,,597,False,,,
aiproads-com,AIProAds,aiproads.com,https://smmscout.com/panels/aiproads-com/,Instagram|TikTok|YouTube|Facebook|X|Telegram,,2534,False,,,
airsmm-com,AirSMM,airsmm.com,https://smmscout.com/panels/airsmm-com/,Instagram|TikTok|YouTube|Facebook|X|Telegram,,617,False,,,
akakakvip-com,AkaKakVIP,akakakvip.com,https://smmscout.com/panels/akakakvip-com/,Instagram|TikTok|YouTube|Facebook|X|Telegram,,185,False,,,
alavancarfm-com,AlavancarFM,alavancarfm.com,https://smmscout.com/panels/alavancarfm-com/,Instagram|TikTok|YouTube|Facebook|X|Telegram,,474,False,,,
alexfollow-com,AlexFollow,alexfollow.com,https://smmscout.com/panels/alexfollow-com/,Instagram|TikTok|YouTube|Facebook|X|Telegram,,,False,,"Liveness probe: no DNS record (NXDOMAIN) (NXDOMAIN on the host resolver + DoH), measured 2026-09-14",
alfa-smm-com,AlfaSMM,alfa-smm.com,https://smmscout.com/panels/alfa-smm-com/,Instagram|TikTok|YouTube|Facebook|X|Telegram,,153,False,,,
ali-saad-net,Ali Saad,ali-saad.net,https://smmscout.com/panels/ali-saad-net/,Instagram|TikTok|YouTube|Facebook|X|Telegram,,,False,,"Liveness probe: domain resolves to a local/parked address (A record 127.0.0.1), measured 2026-09-14",
aliencoder-org,AlienCoder,aliencoder.org,https://smmscout.com/panels/aliencoder-org/,Instagram|TikTok|YouTube|Facebook|X|Telegram,,,False,,"Liveness probe: no DNS record (NXDOMAIN) (NXDOMAIN on the host resolver + DoH), measured 2026-09-14",
alipanel-com,AliPanel,alipanel.com,https://smmscout.com/panels/alipanel-com/,Instagram|TikTok|YouTube|Facebook|X|Telegram,,789,False,,,
aliservere-com,AliServere,aliservere.com,https://smmscout.com/panels/aliservere-com/,Instagram|TikTok|YouTube|Facebook|X|Telegram,,,False,,"Liveness probe: no DNS record (NXDOMAIN) (NXDOMAIN on the host resolver + DoH), measured 2026-09-14",
alkabos-com,Alkabos,alkabos.com,https://smmscout.com/panels/alkabos-com/,Instagram|TikTok|YouTube|Facebook|X|Telegram,,582,False,,,
alphasmm-net,AlphaSMM,alphasmm.net,https://smmscout.com/panels/alphasmm-net/,Instagram|TikTok|YouTube|Facebook|X|Telegram,,410,False,,,
amarfollows-com,AmarFollows,amarfollows.com,https://smmscout.com/panels/amarfollows-com/,Instagram|TikTok|YouTube|Facebook|X|Telegram,,108,False,,,
amazinghosters-co,AmazingHosters,amazinghosters.co,https://smmscout.com/panels/amazinghosters-co/,Instagram|TikTok|YouTube|Facebook|X|Telegram,,457,False,,,
angkorsmm-net,AngkorSMM,angkorsmm.net,https://smmscout.com/panels/angkorsmm-net/,Instagram|TikTok|YouTube|Facebook|X|Telegram,,,False,,"Liveness probe: homepage refused the request (HTTP 404), measured 2026-09-14",
snsmarket-net,Snsmarket,snsmarket.net,https://smmscout.com/panels/snsmarket-net/,Instagram|TikTok|YouTube|Facebook|X|Telegram,,159,False,,,
socialmmpro-com,SocialMMPro,socialmmpro.com,https://smmscout.com/panels/socialmmpro-com/,Instagram|TikTok|YouTube|Facebook|X|Telegram,,469,False,,,
sosyalatom-com,SosyalAtom,sosyalatom.com,https://smmscout.com/panels/sosyalatom-com/,Instagram|TikTok|YouTube|Facebook|X|Telegram,,612,False,,,
starads-net,StarAds,starads.net,https://smmscout.com/panels/starads-net/,Instagram|TikTok|YouTube|Facebook|X|Telegram,,700,False,,,
streampanelus-com,StreamPanelUS,streampanelus.com,https://smmscout.com/panels/streampanelus-com/,Instagram|TikTok|YouTube|Facebook|X|Telegram,,,False,,"Liveness probe: domain resolves to a local/parked address (A record 127.0.0.1), measured 2026-09-14",
streamsupply-io,StreamSupply,streamsupply.io,https://smmscout.com/panels/streamsupply-io/,Instagram|TikTok|YouTube|Facebook|X|Telegram,,456,False,,,
techsmm-com,TechSMM,techsmm.com,https://smmscout.com/panels/techsmm-com/,Instagram|TikTok|YouTube|Facebook|X|Telegram,,752,False,,,
telebaz-com,Telebaz,telebaz.com,https://smmscout.com/panels/telebaz-com/,Instagram|TikTok|YouTube|Facebook|X|Telegram,,,False,,"Liveness probe: no DNS record (NXDOMAIN) (NXDOMAIN on the host resolver + DoH), measured 2026-09-14",
tghaozi-com,TGHaozi,tghaozi.com,https://smmscout.com/panels/tghaozi-com/,Instagram|TikTok|YouTube|Facebook|X|Telegram,,,False,,"Liveness probe: homepage returned a server error (HTTP 502), measured 2026-09-14",
thundersmmpanel-com,ThunderSMMPanel,thundersmmpanel.com,https://smmscout.com/panels/thundersmmpanel-com/,Instagram|TikTok|YouTube|Facebook|X|Telegram,,446,False,,,
tntsmm-com,TntSMM,tntsmm.com,https://smmscout.com/panels/tntsmm-com/,Instagram|TikTok|YouTube|Facebook|X|Telegram,,578,False,,,
traffiqqo-com,Traffiqqo,traffiqqo.com,https://smmscout.com/panels/traffiqqo-com/,Instagram|TikTok|YouTube|Facebook|X|Telegram,5138,1284,False,,,52.1
trendspherepro-com,TrendSpherePro,trendspherepro.com,https://smmscout.com/panels/trendspherepro-com/,Instagram|TikTok|YouTube|Facebook|X|Telegram,,1264,False,,,
tunisstars-com,TunisStars,tunisstars.com,https://smmscout.com/panels/tunisstars-com/,Instagram|TikTok|YouTube|Facebook|X|Telegram,,655,False,,,
turkiyeresellers-net,TurkiyeResellers,turkiyeresellers.net,https://smmscout.com/panels/turkiyeresellers-net/,Instagram|TikTok|YouTube|Facebook|X|Telegram,,604,False,,,
uasmm-com,UASMM,uasmm.com,https://smmscout.com/panels/uasmm-com/,Instagram|TikTok|YouTube|Facebook|X|Telegram,,,False,,"Liveness probe: domain resolves to a local/parked address (A record 127.0.0.1), measured 2026-09-14",
vikashservicecenter-com,VikashServiceCenter,vikashservicecenter.com,https://smmscout.com/panels/vikashservicecenter-com/,Instagram|TikTok|YouTube|Facebook|X|Telegram,,1249,False,,,
wksmm-com,WKSMM,wksmm.com,https://smmscout.com/panels/wksmm-com/,Instagram|TikTok|YouTube|Facebook|X|Telegram,,600,False,,,
wnyinliu-com,WNYinliu,wnyinliu.com,https://smmscout.com/panels/wnyinliu-com/,Instagram|TikTok|YouTube|Facebook|X|Telegram,,,False,,"Liveness probe: no DNS record (NXDOMAIN) (NXDOMAIN on the host resolver + DoH), measured 2026-09-14",
xklash-com,Xklash,xklash.com,https://smmscout.com/panels/xklash-com/,Instagram|TikTok|YouTube|Facebook|X|Telegram,,496,False,,,
youtubeliker-com,YouTubeLiker,youtubeliker.com,https://smmscout.com/panels/youtubeliker-com/,Instagram|TikTok|YouTube|Facebook|X|Telegram,,629,False,,,
ytmatikvip-com,YTMatikVIP,ytmatikvip.com,https://smmscout.com/panels/ytmatikvip-com/,Instagram|TikTok|YouTube|Facebook|X|Telegram,,571,False,,,
zipravva-com,Zipravva,zipravva.com,https://smmscout.com/panels/zipravva-com/,Instagram|TikTok|YouTube|Facebook|X|Telegram,5138,1149,False,,,69.6
zosmm-com,ZoSMM,zosmm.com,https://smmscout.com/panels/zosmm-com/,Instagram|TikTok|YouTube|Facebook|X|Telegram,,663,False,,,
figipanel-com,FigiPanel,figipanel.com,https://smmscout.com/panels/figipanel-com/,Instagram|TikTok|YouTube|Facebook|X|Telegram,21445,34,False,,,85.7
smm-panel-net,SMM-Panel,smm-panel.net,https://smmscout.com/panels/smm-panel-net/,Instagram|TikTok|YouTube|Facebook|X|Telegram,39403,713,False,,,74.5
smm-panel-com,SMM-Panel.com,smm-panel.com,https://smmscout.com/panels/smm-panel-com/,Instagram|TikTok|YouTube|Facebook|X|Telegram,,486,False,,,
smmsem-com,SMMSEM,smmsem.com,https://smmscout.com/panels/smmsem-com/,Instagram|TikTok|YouTube|Facebook|X|Telegram,,622,False,,,
boostero-com,Boostero,boostero.com,https://smmscout.com/panels/boostero-com/,Instagram|TikTok|YouTube|Facebook|X|Telegram,1600,864,False,,,86.2
autosmo-com,AutoSMO,autosmo.com,https://smmscout.com/panels/autosmo-com/,Instagram|TikTok|YouTube|Facebook|X|Telegram,,500,False,,,
smbpanel-net,SMB Panel,smbpanel.net,https://smmscout.com/panels/smbpanel-net/,Instagram|TikTok|YouTube|Facebook|X|Telegram,5000,489,False,,,85.5
smmpanel2-com,SMMPanel2,smmpanel2.com,https://smmscout.com/panels/smmpanel2-com/,Instagram|TikTok|YouTube|Facebook|X|Telegram,,723,False,,,
worldofsmm-com,WorldOfSMM,worldofsmm.com,https://smmscout.com/panels/worldofsmm-com/,Instagram|TikTok|YouTube|Facebook|X|Telegram,1000,739,False,,,83
cutesmm-com,CuteSMM,cutesmm.com,https://smmscout.com/panels/cutesmm-com/,Instagram|TikTok|YouTube|Facebook|X|Telegram,3917,459,False,,,94.3
liketide-com,LikeTide,liketide.com,https://smmscout.com/panels/liketide-com/,Instagram|TikTok|YouTube|Facebook|X|Telegram,5000,594,False,,,89.9
dijitalistasyon-com,Dijitalistasyon,dijitalistasyon.com,https://smmscout.com/panels/dijitalistasyon-com/,Instagram|TikTok|YouTube|Facebook|X|Telegram,,615,False,,,
lionfollow-com,LionFollow,lionfollow.com,https://smmscout.com/panels/lionfollow-com/,Instagram|TikTok|YouTube|Facebook|X|Telegram,,653,False,,,
smmcoder-com,SMMCoder,smmcoder.com,https://smmscout.com/panels/smmcoder-com/,Instagram|TikTok|YouTube|Facebook|X|Telegram,,484,False,,,
bulksupplier-org,BulkSupplier,bulksupplier.org,https://smmscout.com/panels/bulksupplier-org/,Instagram|TikTok|YouTube|Facebook|X|Telegram,,578,False,,,
smmcost-com,SMMCost,smmcost.com,https://smmscout.com/panels/smmcost-com/,Instagram|TikTok|YouTube|Facebook|X|Telegram,,716,False,,,
smmbind-com,SMMBind,smmbind.com,https://smmscout.com/panels/smmbind-com/,Instagram|TikTok|YouTube|Facebook|X|Telegram,,450,False,,,
godofpanel-com,GodOfPanel,godofpanel.com,https://smmscout.com/panels/godofpanel-com/,Instagram|TikTok|YouTube|Facebook|X|Telegram,,805,False,,,
smmfollows-com,SMMFollows,smmfollows.com,https://smmscout.com/panels/smmfollows-com/,Instagram|TikTok|YouTube|Facebook|X|Telegram,,771,False,,,
iamprovider-com,IAMProvider,iamprovider.com,https://smmscout.com/panels/iamprovider-com/,Instagram|TikTok|YouTube|Facebook|X|Telegram,,767,False,,,
ytresellers-com,YTResellers,ytresellers.com,https://smmscout.com/panels/ytresellers-com/,YouTube|Instagram|TikTok,,542,False,,,
makesmm-com,MakeSMM,makesmm.com,https://smmscout.com/panels/makesmm-com/,Twitch|YouTube,,782,False,,,
theytlab-com,TheYTLab,theytlab.com,https://smmscout.com/panels/theytlab-com/,YouTube,,185,False,,,
morethanpanel-com,MoreThanPanel,morethanpanel.com,https://smmscout.com/panels/morethanpanel-com/,Instagram|TikTok|YouTube|Facebook|X|Telegram,,769,False,,,
followdeh-com,Followdeh,followdeh.com,https://smmscout.com/panels/followdeh-com/,Instagram|TikTok|YouTube|Facebook|X|Telegram,,1826,False,,"Liveness probe: homepage did not respond (connection/TLS failure) (fetch failed: AbortError), measured 2026-09-13",
1dular-com,1Dular,1dular.com,https://smmscout.com/panels/1dular-com/,Instagram|TikTok|YouTube|Facebook|X|Telegram,,618,False,,,
darksidepanel-com,DarkSide Panel,darksidepanel.com,https://smmscout.com/panels/darksidepanel-com/,Instagram|TikTok|YouTube|Facebook|X|Telegram,,597,False,,,
